,City,Level,PM2.5,PM10,O3,NO2,SO2,CO
0,"Mizuochicho, Fukui",Unhealthy,65,NULL,NULL,45.1,NULL,NULL
1,"Toyocho, Aichi",Unhealthy For Sensitive Groups,54,57,NULL,63.9,13.1,NULL
2,"Kumiyama, Kyoto",Moderate,34,NULL,NULL,43.2,2.6,NULL
3,"Nishidako, Ehime",Unhealthy For Sensitive Groups,49,54,NULL,NULL,5.2,NULL
4,"Minatojima, Hyogo",Moderate,32,NULL,NULL,67.7,NULL,NULL
5,"Hokujo, Nagano",Unhealthy For Sensitive Groups,45,NULL,NULL,1.9,2.6,NULL
6,"Kitami, Hokkaido",Unhealthy For Sensitive Groups,45,38,NULL,NULL,NULL,NULL
7,"Yokkaichi, Mie",Unhealthy For Sensitive Groups,44,44,NULL,37.6,2.6,NULL
8,"Kusatsu, Shiga",Unhealthy For Sensitive Groups,43,NULL,NULL,NULL,NULL,NULL
9,"Nakamura, Ehime",Moderate,28,NULL,NULL,NULL,NULL,NULL
10,"Kashgar, Xinjiang",Hazardous,99,495,42,54,8,1600
11,"Xinzhou, Shanxi",Hazardous,94,427,49,19,12,600
12,"Shuozhou, Shanxi",Very Unhealthy,81,405,40,29.5,16,600
13,"Hohhot, Inner Mongolia",Very Unhealthy,107,399,60,12,7,557.5
14,"Xingbin Qu, Guangxi",Very Unhealthy,209.5,265,44,84,25,1450
15,"Yuncheng, Shanxi",Very Unhealthy,91.5,396,23,49,26.5,1150
16,"Huayin, Shaanxi",Very Unhealthy,75.5,369.5,NULL,NULL,28,NULL
17,"Fuyang, Anhui",Very Unhealthy,145.5,369,30,59,16,1400
18,"Huaibei, Anhui",Very Unhealthy,100,367,40,44,17,1000
19,"Liuzhou, Guangxi",Very Unhealthy,165.5,221,28,72,52,1700
20,"Golden, British Columbia",Unhealthy For Sensitive Groups,54.2,18,NULL,NULL,NULL,NULL
21,"Otterburn Park, Quebec",Unhealthy For Sensitive Groups,52.7,NULL,NULL,NULL,NULL,NULL
22,"Saint-Eustache, Quebec",Unhealthy For Sensitive Groups,51.3,NULL,NULL,NULL,NULL,NULL
23,"Saint-Hubert, Quebec",Unhealthy For Sensitive Groups,50.5,NULL,NULL,NULL,NULL,NULL
24,"Montreal, Quebec",Unhealthy For Sensitive Groups,49.5,NULL,13,3,1,1000
25,"Nepean, Ontario",Unhealthy For Sensitive Groups,48.2,NULL,NULL,NULL,NULL,NULL
26,"Gatineau, Quebec",Unhealthy For Sensitive Groups,46.1,NULL,NULL,NULL,NULL,NULL
27,"Hull (Ile), Quebec",Unhealthy For Sensitive Groups,45.5,NULL,22,30.1,NULL,NULL
28,"Dollard-Des Ormeaux, Quebec",Unhealthy For Sensitive Groups,44.8,NULL,NULL,NULL,NULL,NULL
29,"Ottawa, Ontario",Unhealthy For Sensitive Groups,44.5,NULL,18,25,0,NULL
30,"Ho, Tinh Bac Ninh",Hazardous,255.3,330.7,NULL,97.3,33.9,3.1
31,"Nhu Quynh, Tinh Hung Yen",Very Unhealthy,241.4,367.3,2.2,64.2,21.9,3.1
32,"Dong Anh, Hanoi",Very Unhealthy,209.6,262,NULL,70.2,23.1,1.2
33,"Cho, Tinh Bac Ninh",Very Unhealthy,187.8,234.2,5.7,47.3,5.7,419.1
34,"Pho Moi, Tinh Bac Ninh",Very Unhealthy,183,263.8,6,88.1,113.5,8.7
35,"Van Dien, Hanoi",Very Unhealthy,182.3,222.3,NULL,12.7,NULL,1486.2
36,"Hanoi, Hanoi",Very Unhealthy,177.1,271.9,1.8,83.1,4.5,3653.2
37,"Bac Ninh, Tinh Bac Ninh",Very Unhealthy,171.8,224.7,NULL,NULL,84.5,NULL
38,"Thua, Tinh Bac Ninh",Unhealthy,138.8,190.2,NULL,39.3,20.2,2.3
39,"Phuc Yen, Tinh Vinh Phuc",Unhealthy,137.2,224.6,NULL,NULL,NULL,NULL
40,"Belfast, Northern Ireland",Moderate,30.2,NULL,1,23,5,100
41,"Scunthorpe, England",Moderate,29.1,9,NULL,NULL,NULL,NULL
42,"Hackney, England",Moderate,29,20.3,NULL,15.5,NULL,NULL
43,"Redcar, England",Moderate,29,23.3,1.5,NULL,NULL,NULL
44,"Stockton, England",Moderate,28,NULL,NULL,NULL,NULL,NULL
45,"Glasgow, Scotland",Moderate,27.3,19.1,4.1,59.5,NULL,NULL
46,"Middlesbrough, England",Moderate,27.1,30.9,3.8,31.9,5.7,NULL
47,"Nantwich, England",Moderate,27.1,NULL,NULL,NULL,NULL,NULL
48,"Cambridge, England",Moderate,26.2,15,NULL,13.6,NULL,NULL
49,"Stockton-on-Tees, England",Moderate,24,23.2,NULL,36.5,NULL,NULL
50,"Sallanches, Auvergne-Rhône-Alpes",Moderate,32,40.8,NULL,NULL,NULL,NULL
51,"Mantes-La-Jolie, Ile-de-France",Moderate,26.9,NULL,50.8,18.6,NULL,NULL
52,"Paris, Ile-de-France",Moderate,24.9,10.6,34.9,14.9,0,NULL
53,"Passy, Auvergne-Rhone-Alpes",Moderate,24.8,37.5,0,34.8,NULL,NULL
54,"Biot, Provence-Alpes-Cote d'Azur",Moderate,20.2,NULL,NULL,NULL,NULL,NULL
55,"Belleville-sur-Meuse, Grand Est",Good,7.6,NULL,NULL,NULL,NULL,NULL
56,"Chatou, Ile-de-France",Moderate,17.9,NULL,NULL,NULL,NULL,NULL
57,"Portes-les-Valence, Auvergne-Rhone-Alpes",Moderate,16,22.3,25.2,22.8,NULL,NULL
58,"Saint-Pierre, Reunion",Moderate,16,20.2,1.8,11.9,0,0
59,"Rouen, Normandy",Good,12,19,32.5,16,1,NULL
60,"Edertal, Hessen",Unhealthy,56,85.1,NULL,5.3,1,NULL
61,"Meppen, Lower Saxony",Moderate,32.4,NULL,NULL,NULL,NULL,NULL
62,"Northeim, Lower Saxony",Moderate,31.7,NULL,NULL,NULL,NULL,NULL
63,"Dresden, Saxony",Moderate,26.2,13,20,12,0,NULL
64,"Meiderich, Nordrhein-Westfalen",Moderate,26.5,NULL,NULL,NULL,NULL,NULL
65,"Titz, Nordrhein-Westfalen",Moderate,25,33,NULL,NULL,NULL,NULL
66,"Pfalzgrafenweiler, Baden-Wuerttemberg",Moderate,24.8,NULL,NULL,NULL,NULL,NULL
67,"Schongau, Bavaria",Moderate,23.6,NULL,NULL,NULL,NULL,NULL
68,"Hamburg, Hamburg",Moderate,22.9,NULL,33,16,3,290
69,"Niederzier, Nordrhein-Westfalen",Moderate,23,32,NULL,NULL,NULL,NULL
70,"Phra Samut Chedi, Samut Prakan",Very Unhealthy,226,194,40,129.7,15.7,1019.1
71,"Bang Bon, Bangkok",Very Unhealthy,162,198,4,NULL,NULL,NULL
72,"Sam Phran, Nakhon Pathom",Very Unhealthy,160.4,NULL,NULL,NULL,NULL,NULL
73,"Samut Sakhon, Samut Sakhon",Very Unhealthy,157,195,4,53.6,43.2,1591.6
74,"Bang Lamung, Chon Buri",Unhealthy,139,NULL,NULL,NULL,NULL,NULL
75,"Khlong Toei, Bangkok",Unhealthy,136.1,NULL,NULL,NULL,NULL,NULL
76,"Thawi Watthana, Bangkok",Unhealthy,132,NULL,NULL,NULL,NULL,NULL
77,"Samut Prakan, Samut Prakan",Unhealthy,130.1,151,116,80.8,26.2,1671.7
78,"Nakhon Pathom, Nakhon Pathom",Unhealthy,127.5,NULL,NULL,NULL,NULL,NULL
79,"Saraburi, Sara Buri",Unhealthy,127.5,207,32,114.7,NULL,NULL
80,"Mendrisio, Ticino",Moderate,14,16,30,24,NULL,NULL
81,"Unteriberg, Schwyz",Moderate,25,NULL,NULL,NULL,NULL,NULL
82,"Bioggio, Ticino",Moderate,21,25,9,31,NULL,NULL
83,"Chiasso, Ticino",Good,8,10,0,18,NULL,NULL
84,"Bodio, Ticino",Moderate,22,24,NULL,15,4,NULL
85,"Rotkreuz, Zug",Moderate,19.3,NULL,NULL,NULL,NULL,NULL
86,"Dietikon, Zurich",Moderate,16.2,NULL,NULL,NULL,NULL,NULL
87,"Dubendorf, Zurich",Moderate,14.2,4,40,29,NULL,NULL
88,"Giubiasco, Ticino",Moderate,14,15,55,11,NULL,NULL
89,"Pregassona, Ticino",Moderate,15,17,9,11,NULL,NULL
90,"Messini, Peloponnese",Moderate,35.4,NULL,NULL,NULL,NULL,NULL
91,"Meligalas, Peloponnese",Moderate,34.4,NULL,NULL,NULL,NULL,NULL
92,"Ioannina, Epirus",Moderate,20.4,NULL,NULL,NULL,NULL,NULL
93,"Orestiada, East Macedonia and Thrace",Moderate,15.1,NULL,NULL,NULL,NULL,NULL
94,"Alexandroupoli, East Macedonia and Thrace",Moderate,13,NULL,NULL,NULL,NULL,NULL
95,"Anatoli, Epirus",Good,12.1,NULL,NULL,NULL,NULL,NULL
96,"Souroti, Central Macedonia",Good,10.7,NULL,NULL,NULL,NULL,NULL
97,"Xanthi, East Macedonia and Thrace",Good,9.9,NULL,NULL,NULL,NULL,NULL
98,"Thermi, Central Macedonia",Good,9.1,NULL,NULL,NULL,NULL,NULL
99,"Kardia, Central Macedonia",Good,8.6,NULL,NULL,NULL,NULL,NULL
100,"Santos, Sao Paulo",Good,21,27,1.5,35,1,NULL
101,"Guarulhos, Sao Paulo",Moderate,14.5,23.5,22,20,1,458
102,"Santa Branca, Sao Paulo",Good,9.1,NULL,NULL,NULL,NULL,NULL
103,"Sao Caetano do Sul, Sao Paulo",Good,12,28,30,13,1,NULL
104,"Taubate, Sao Paulo",Good,10,16,NULL,6,NULL,NULL
105,"Jundiai, Sao Paulo",Good,12,21,27,21,NULL,NULL
106,"Sao Jose dos Campos, Sao Paulo",Good,8,49,12,44,1,343.5
107,"Maua, Sao Paulo",Good,10,34,19,14,1,NULL
108,"Osasco, Sao Paulo",Moderate,13,24,NULL,30,2,916
109,"Sao Paulo, Sao Paulo",Good,6,12,26,16,NULL,229
110,"Kansk, Krasnoyarsk Krai",Unhealthy,60,NULL,NULL,NULL,NULL,NULL
111,"Zyryanka, Chukot",Unhealthy For Sensitive Groups,46,NULL,NULL,NULL,NULL,NULL
112,"Solnechnyy, Krasnoyarsk Krai",Unhealthy For Sensitive Groups,40,NULL,NULL,70,35,80
113,"Balashikha, Moscow Oblast",Moderate,25.1,NULL,NULL,NULL,NULL,NULL
114,"Moscow, Moscow",Moderate,15,17,2,55,3.3,470
115,"Berezovka, Krasnoyarsk Krai",Good,20,NULL,NULL,180,40,60
116,"Kamensk-Shakhtinskiy, Rostov",Moderate,16.1,NULL,NULL,NULL,NULL,NULL
117,"Magnitogorsk, Chelyabinsk",Moderate,14.5,NULL,NULL,NULL,NULL,NULL
118,"Setun', Moscow",Moderate,18,21,NULL,NULL,NULL,630
119,"Krasnaya Pahra, Moscow",Good,10,3,NULL,56.1,5.9,NULL
120,"Cavite City, Calabarzon",Unhealthy For Sensitive Groups,40.3,NULL,NULL,NULL,NULL,NULL
121,"Paranaque, National Capital Region",Unhealthy For Sensitive Groups,36.9,NULL,NULL,NULL,NULL,NULL
122,"Pasig, National Capital Region",Moderate,22.5,NULL,NULL,NULL,NULL,NULL
123,"Balanga, Central Luzon",Moderate,15.9,NULL,NULL,NULL,NULL,NULL
124,"Makati, National Capital Region",Moderate,15.4,NULL,NULL,NULL,NULL,NULL
125,"Bulacan, Central Luzon",Moderate,13.1,NULL,NULL,NULL,NULL,NULL
126,"Puerto Princesa, Mimaropa",Moderate,13,21,NULL,NULL,NULL,NULL
127,"Pasig City, National Capital Region",Good,9,NULL,NULL,NULL,NULL,NULL
128,"Davao City, Davao",Good,8.5,9.9,NULL,7.9,NULL,NULL
129,"San Juan, National Capital Region",Good,7.4,NULL,NULL,NULL,NULL,NULL
130,"Yangon, Yangon",Unhealthy For Sensitive Groups,52.6,NULL,2,NULL,NULL,NULL
131,"Mandalay, Mandalay",Unhealthy For Sensitive Groups,44.8,NULL,NULL,NULL,NULL,NULL
132,"Syriam, Yangon",Unhealthy For Sensitive Groups,39.1,NULL,NULL,NULL,NULL,NULL
133,"Vientiane, Vientiane",Unhealthy For Sensitive Groups,46.6,NULL,NULL,NULL,NULL,NULL
134,"Imperial Beach, California",Unhealthy,70.4,NULL,NULL,NULL,NULL,NULL
135,"Midway, Pennsylvania",Unhealthy,56.7,NULL,NULL,NULL,NULL,NULL
136,"Roseville, Minnesota",Unhealthy,58.2,NULL,NULL,NULL,NULL,NULL
137,"Blaine, Minnesota",Unhealthy For Sensitive Groups,36.3,NULL,NULL,NULL,NULL,NULL
138,"Cambria, California",Unhealthy For Sensitive Groups,54,NULL,NULL,NULL,NULL,NULL
139,"Matheny, California",Unhealthy For Sensitive Groups,53.8,NULL,NULL,NULL,NULL,NULL
140,"Albemarle, North Carolina",Unhealthy For Sensitive Groups,53.4,NULL,NULL,NULL,NULL,NULL
141,"Happy Camp, California",Unhealthy For Sensitive Groups,52.4,NULL,NULL,NULL,NULL,NULL
142,"New Auburn, Wisconsin",Unhealthy For Sensitive Groups,51.5,NULL,NULL,NULL,NULL,NULL
143,"Bakersfield, California",Unhealthy For Sensitive Groups,51,NULL,6,86.5,NULL,NULL
144,"Lovech, Lovech",Moderate,17,21.3,NULL,NULL,NULL,NULL
145,"Nesebar, Burgas",Moderate,17,22.1,NULL,16.3,0,NULL
146,"Oriyakovica, Veliko Tarnovo",Moderate,17,22.6,28.9,13.3,8.4,NULL
147,"Vratsa, Vratsa",Moderate,17,22.4,47.7,6.1,NULL,0
148,"Dobrich, Dobrich",Moderate,16,20.6,NULL,NULL,NULL,NULL
149,"Shumen, Shumen",Moderate,16,19.5,56.6,4.1,4,NULL
150,"Devnya, Varna",Moderate,15,18.3,49.4,3.7,NULL,0
151,"Ruse, Ruse",Moderate,14.9,14.2,40.3,4.8,NULL,0
152,"Vidin, Vidin",Moderate,14,17.1,NULL,NULL,NULL,NULL
153,"Kardzhali, Kardzhali",Good,12,15,NULL,NULL,NULL,NULL
154,"Pekan, Pahang",Moderate,30.2,NULL,NULL,NULL,NULL,NULL
155,"Klang, Selangor",Moderate,28.9,NULL,NULL,NULL,NULL,NULL
156,"Tanah Merah, Kelantan",Moderate,28.9,NULL,NULL,NULL,NULL,NULL
157,"Balok, Pahang",Moderate,26.3,NULL,NULL,NULL,NULL,NULL
158,"Kuala Terengganu, Terengganu",Moderate,26.3,NULL,NULL,NULL,NULL,NULL
159,"Kuala Selangor, Selangor",Moderate,23.7,NULL,NULL,NULL,NULL,NULL
160,"Chukai, Terengganu",Moderate,22.5,NULL,NULL,NULL,NULL,NULL
161,"Johor Bahru, Johor",Moderate,22.5,NULL,NULL,NULL,NULL,NULL
162,"Kota Bharu, Kelantan",Moderate,21.2,NULL,NULL,NULL,NULL,NULL
163,"Petaling Jaya, Selangor",Moderate,21.2,NULL,NULL,NULL,NULL,NULL
164,"Carabayllo, Lima",Moderate,20.9,5,3.1,NULL,3.6,1
165,"San Juan de Lurigancho, Lima",Moderate,16,NULL,4.5,NULL,9.4,1
166,"Lima, Lima",Good,11.5,14.8,NULL,NULL,NULL,2
167,"Trujillo, La Libertad",Good,9.7,NULL,NULL,NULL,NULL,NULL
168,"Cusco, Cusco",Good,8.2,NULL,NULL,NULL,NULL,NULL
169,"HUACHIPA, Lima",Good,NULL,NULL,NULL,7.1,51.3,57.5
170,"Puerto Maldonado, Madre de Dios",Good,5.7,NULL,NULL,NULL,NULL,NULL
171,"El Tambo, Junin",Good,4.2,NULL,NULL,NULL,NULL,NULL
172,"Santa Anita, Lima",Good,NULL,NULL,NULL,96.7,17.3,NULL
173,"Chupaca, Junin",Good,3.1,NULL,NULL,NULL,NULL,NULL
174,"Novi Pazar, Central serb",Unhealthy,81,81.4,NULL,46.4,11.1,NULL
175,"Valjevo, Central Serbia",Unhealthy For Sensitive Groups,47.9,48.2,NULL,25.4,32,NULL
176,"Uzice, Central Serbia",Moderate,31.8,32.1,NULL,2.2,12,NULL
177,"Cacak, Central Serbia",Moderate,23,NULL,NULL,5.7,NULL,NULL
178,"Lipe, Central Serbia",Moderate,19.8,NULL,NULL,NULL,NULL,NULL
179,"Nis, Central Serbia",Moderate,19.9,18.9,46.4,7.6,14.1,NULL
180,"Kragujevac, Central Serbia",Moderate,19.3,NULL,NULL,26,NULL,NULL
181,"Gornji Milanovac, Central serb",Moderate,16,NULL,NULL,NULL,NULL,NULL
182,"Paracin, Central serb",Moderate,14.6,14.8,17.9,7.7,4.7,NULL
183,"Bor, Central Serbia",Moderate,14,15.6,NULL,NULL,25.4,NULL
184,"Hnusta, Banska Bystrica",Unhealthy For Sensitive Groups,38,45,NULL,NULL,NULL,NULL
185,"Novaky, Nitra",Moderate,27,16,NULL,NULL,1,NULL
186,"Jelsava, Banska Bystrica",Moderate,23,29,5,12.7,NULL,NULL
187,"Martin, Zilina",Moderate,19,11,NULL,NULL,NULL,NULL
188,"Prievidza, Trencin",Moderate,18,17,NULL,NULL,NULL,NULL
189,"Kosice, Kosice",Moderate,17,15.5,4,NULL,2,291
190,"Moldava nad Bodvou, Kosice",Moderate,16.5,17.6,NULL,NULL,NULL,NULL
191,"Nad Jazerom, Kosice",Moderate,15,14,NULL,NULL,NULL,NULL
192,"Handlova, Trencin",Moderate,14,8,NULL,NULL,NULL,NULL
193,"Nitra, Nitra",Moderate,14,14,NULL,12,NULL,NULL
194,"Rivas-Vaciamadrid, Madrid",Unhealthy,84,119,4,94,NULL,NULL
195,"Getafe, Madrid",Unhealthy,71,85,2,135,NULL,NULL
196,"Valdemoro, Madrid",Unhealthy,62,NULL,2,1,NULL,NULL
197,"Torrejon de Ardoz, Madrid",Unhealthy,60,69,5,90,NULL,NULL
198,"Leganés, Madrid",Unhealthy,58,70,1,115,NULL,NULL
199,"Coslada, Madrid",Unhealthy For Sensitive Groups,54,53,1,78,NULL,NULL
200,"Medina del Campo, Castille and Leon",Unhealthy For Sensitive Groups,53,66,3,17,NULL,NULL
201,"Villa del Prado, Madrid",Unhealthy For Sensitive Groups,53,67,3,34,1,0
202,"Toledo, Castilla-La Mancha",Unhealthy For Sensitive Groups,47,70,2,60,2,NULL
203,"Ogijares, Andalucia",Unhealthy For Sensitive Groups,46,67.2,4,34,3,0
204,"Fiq, Quneitra",Moderate,16,NULL,NULL,NULL,NULL,NULL
205,"Arwad, Tartus",Good,1.4,32,NULL,4,0,NULL
